<application>
  <component name="CodeVisionSettings">
    <option name="enabled" value="false" />
  </component>
  <component name="DeclarativeInlayHintsSettings">
    <option name="providerIdToEnabled">
      <map>
        <entry key="java.implicit.types" value="false" />
        <entry key="java.method.chains" value="true" />
        <entry key="qodana.yaml.inspection.descriptions" value="true" />
      </map>
    </option>
  </component>
  <component name="EditorSettings">
    <option name="IS_WHEEL_FONTCHANGE_ENABLED" value="true" />
  </component>
  <component name="InlayHintsSettings">
    <option name="lastViewedProviderKeyId" value="Scala.parameter.hints.old" />
  </component>
</application>